{
  "latency_ms": {
    "avg": 72.17899999999999,
    "max": 72.17899999999999,
    "min": 72.17899999999999,
    "p50": 72.17899999999999,
    "p95": 72.17899999999999,
    "p99": 72.17899999999999
  },
  "limits": {
    "max_avg_ms": null,
    "max_p95_ms": 7000.0,
    "max_p99_ms": 11000.0,
    "max_runtime_respawns": 0,
    "max_runtime_retries": 0,
    "max_runtime_timeouts": 0,
    "max_steady_avg_ms": null,
    "max_steady_p95_ms": 350.0,
    "max_steady_p99_ms": 550.0
  },
  "passed": true,
  "runtime_faults": {
    "respawns": 0,
    "retries": 0,
    "timeouts": 0
  },
  "sample_count": 1,
  "startup_ms": 72.17899999999999,
  "steady_state_ms": null,
  "violations": []
}