{
  "latency_ms": {
    "avg": 72.04516666666667,
    "max": 72.69024999999999,
    "min": 71.2745,
    "p50": 72.17075000000001,
    "p95": 72.69024999999999,
    "p99": 72.69024999999999
  },
  "limits": {
    "max_avg_ms": 10000.0,
    "max_p95_ms": 10000.0,
    "max_p99_ms": 15000.0,
    "max_runtime_respawns": null,
    "max_runtime_retries": null,
    "max_runtime_timeouts": null,
    "max_steady_avg_ms": 10000.0,
    "max_steady_p95_ms": 10000.0,
    "max_steady_p99_ms": 15000.0
  },
  "passed": true,
  "runtime_faults": {
    "respawns": 0,
    "retries": 0,
    "timeouts": 0
  },
  "sample_count": 3,
  "startup_ms": 72.17075000000001,
  "steady_state_ms": {
    "avg": 71.98237499999999,
    "max": 72.69024999999999,
    "min": 71.2745,
    "p50": 71.2745,
    "p95": 72.69024999999999,
    "p99": 72.69024999999999
  },
  "violations": []
}